{
  "1": 0.0,
  "x0": -0.09998027257558972,
  "x1": 1.9998676569405878,
  "x0^2": 0.0,
  "x0 x1": 0.0,
  "x1^2": 0.0,
  "x0^3": 0.0,
  "x0^2 x1": 0.0,
  "x0 x1^2": 0.0,
  "x1^3": 0.0,
  "x0^4": 0.0,
  "x0^3 x1": 0.0,
  "x0^2 x1^2": 0.0,
  "x0 x1^3": 0.0,
  "x1^4": 0.0,
  "x0^5": 0.0,
  "x0^4 x1": 0.0,
  "x0^3 x1^2": 0.0,
  "x0^2 x1^3": 0.0,
  "x0 x1^4": 0.0,
  "x1^5": 0.0
}